debut;end
1597060800.0;1597147200.0
1601294400.0;1601380800.0
1602158400.0;1602244800.0
1605700800.0;1605787200.0
1606910400.0;1606996800.0
1610971200.0;1611057600.0
1617019200.0;1617105600.0
1619956800.0;1620043200.0
1623672000.0;1623758400.0
1627214400.0;1627300800.0
1630324800.0;1630411200.0
1634558400.0;1634644800.0
1642593600.0;1642680000.0
1645963200.0;1646049600.0
1649592000.0;1649678400.0
1654171200.0;1654257600.0
1657627200.0;1657713600.0
1661169600.0;1661256000.0
1666612800.0;1666699200.0
1671537600.0;1671624000.0
1676289600.0;1676376000.0
1681819200.0;1681905600.0
1687262400.0;1687348800.0
1692100800.0;1692187200.0
1701172800.0;1701259200.0
1707134400.0;1707220800.0
1713873600.0;1713960000.0
1719921600.0;1720008000.0
1724241600.0;1724328000.0
1733140800.0;1733227200.0
1741608000.0;1741694400.0
1750766400.0;1750852800.0
1761825600.0;1761912000.0
1770206400.0;1770292800.0
1775131200.0;1775217600.0
